index,H
0,1.0000000000000102140518265514401718974113e+00
1,1.0000000000000204281036531028803437948227e+00
2,9.9999999999990729637744379942887462675571e-01
3,1.0000000000000182076576038525672629475594e+00
4,9.9999999999999245048343254893552511930466e-01
5,9.9999999999999900079927783735911361873150e-01
6,9.9999999999999245048343254893552511930466e-01
7,9.9999999999998978594817344855982810258865e-01
8,1.0000000000000128785870856518158689141273e+00
9,1.0000000000000128785870856518158689141273e+00
10,1.0000000000000128785870856518158689141273e+00
11,9.9999999999999344968415471157641150057316e-01
12,1.0000003582653798073209827634855173528194e+00
13,1.0000002291053828873401698729139752686024e+00
14,1.0000001225618475597656242825905792415142e+00
15,1.0000000503028614318168365571182221174240e+00
16,1.0000000116801412985978458891622722148895e+00
17,1.0000000000000071054273576010018587112427e+00
18,1.0000000116801786020914732944220304489136e+00
19,1.0000000503028139142713826004182919859886e+00
20,1.0000001225618704303599315608153119683266e+00
21,1.0000002291053646796825660203467123210430e+00
22,1.0000003582653824718562418638612143695354e+00
23,1.0000003582654586331557311495998874306679e+00
24,1.0000002291054275183057598042069002985954e+00
25,1.0000001225618697642261167857213877141476e+00
26,1.0000000503028450005160721048014238476753e+00
27,1.0000000116801581739878201915416866540909e+00
28,1.0000000000000048849813083506887778639793e+00
29,1.0000000116801643912367580924183130264282e+00
30,1.0000000503028247944570239269523881375790e+00
31,1.0000001225618320166432795303990133106709e+00
32,1.0000002291053906589013422490097582340240e+00
33,1.0000003582653864686591305144247598946095e+00
34,1.0000003582653924638634634902700781822205e+00
35,1.0000002291053480263371966429986059665680e+00
36,1.0000001225618977418463373396662063896656e+00
37,1.0000000503028203535649254263262264430523e+00
38,1.0000000116801839311619914951734244823456e+00
39,9.9999999999999178434961777384160086512566e-01
40,1.0000000116801532890065118408529087901115e+00
41,1.0000000503028407816685785292065702378750e+00
42,1.0000001225618568856390311339055188000202e+00
43,1.0000002291053793346264910724130459129810e+00
44,1.0000003582654424238995716223143972456455e+00
45,1.0000003582653798073209827634855173528194e+00
46,1.0000002291053828873401698729139752686024e+00
47,1.0000001225618475597656242825905792415142e+00
48,1.0000000503028614318168365571182221174240e+00
49,1.0000000116801412985978458891622722148895e+00
50,1.0000000000000071054273576010018587112427e+00
51,1.0000000116801786020914732944220304489136e+00
52,1.0000000503028139142713826004182919859886e+00
53,1.0000001225618704303599315608153119683266e+00
54,1.0000002291053646796825660203467123210430e+00
55,1.0000003582653824718562418638612143695354e+00
56,1.0000003582653951283987225906457751989365e+00
57,1.0000002291053311509472223406191915273666e+00
58,1.0000001225618690980923020106274634599686e+00
59,1.0000000503028294573937273526098579168320e+00
60,1.0000000116802076899347184735233895480633e+00
61,1.0000000000000150990331349021289497613907e+00
62,1.0000000116801690541734615180757828056812e+00
63,1.0000000503028412257577883792691864073277e+00
64,1.0000001225618686540030921605648472905159e+00
65,1.0000002291053891045891077737906016409397e+00
66,1.0000003582654539702190277239424176514149e+00
67,1.0000003582653971268001669159275479614735e+00
68,1.0000002291053502467832458933116868138313e+00
69,1.0000001225618770916980793117545545101166e+00
70,1.0000000503028279030814928773907013237476e+00
71,1.0000000116801963656598672969266772270203e+00
72,1.0000000000000068833827526759705506265163e+00
73,1.0000000116801368577057473885361105203629e+00
74,1.0000000503028243503678140768897719681263e+00
75,1.0000001225618531108807474083732813596725e+00
76,1.0000002291053942116150210495106875896454e+00
77,1.0000003582653951283987225906457751989365e+00
78,1.0000003582654330980261647709994576871395e+00
79,1.0000002291054501668554621574003249406815e+00
80,1.0000001225618533329253523334045894443989e+00
81,1.0000000503028221299217648265766911208630e+00
82,1.0000000116801721627979304685140959918499e+00
83,9.9999999999997524202655085900914855301380e-01
84,1.0000000116801710525749058433575555682182e+00
85,1.0000000503028301235275421277037821710110e+00
86,1.0000001225618604383527099344064481556416e+00
87,1.0000002291053760039574171969434246420860e+00
88,1.0000003582654364286952386464690789580345e+00
89,1.0000003582653920197742536402074620127678e+00
90,1.0000002291053657899055906455032527446747e+00
91,1.0000001225618893041513501884764991700649e+00
92,1.0000000503028443343822573297074995934963e+00
93,1.0000000116801499583374379653832875192165e+00
94,1.0000000000000186517468137026298791170120e+00
95,1.0000000116801868177418555205804295837879e+00
96,1.0000000503028092513346791747608222067356e+00
97,1.0000001225618389000260322063695639371872e+00
98,1.0000002291053584624336281194700859487057e+00
99,1.0000003582652801092933714244281873106956e+00
100,1.0000003582653920197742536402074620127678e+00
101,1.0000002291053657899055906455032527446747e+00
102,1.0000001225618893041513501884764991700649e+00
103,1.0000000503028443343822573297074995934963e+00
104,1.0000000116801499583374379653832875192165e+00
105,1.0000000000000186517468137026298791170120e+00
106,1.0000000116801868177418555205804295837879e+00
107,1.0000000503028092513346791747608222067356e+00
108,1.0000001225618389000260322063695639371872e+00
109,1.0000002291053584624336281194700859487057e+00
110,1.0000003582652801092933714244281873106956e+00
111,1.0000003582654135581009313682443462312222e+00
112,1.0000002291054093106481559516396373510361e+00
113,1.0000001225618746492074251364101655781269e+00
114,1.0000000503028270149030731772654689848423e+00
115,1.0000000116801814886713373198290355503559e+00
116,9.9999999999999189537192023635725490748882e-01
117,1.0000000116801559535417709412286058068275e+00
118,1.0000000503028554366125035812729038298130e+00
119,1.0000001225618921907312142138835042715073e+00
120,1.0000002291053575742552084193448536098003e+00
121,1.0000003582653986811124013911467045545578e+00
122,1.0000003582654330980261647709994576871395e+00
123,1.0000002291054501668554621574003249406815e+00
124,1.0000001225618533329253523334045894443989e+00
125,1.0000000503028221299217648265766911208630e+00
126,1.0000000116801721627979304685140959918499e+00
127,9.9999999999997524202655085900914855301380e-01
128,1.0000000116801710525749058433575555682182e+00
129,1.0000000503028301235275421277037821710110e+00
130,1.0000001225618604383527099344064481556416e+00
131,1.0000002291053760039574171969434246420860e+00
132,1.0000003582654364286952386464690789580345e+00
133,1.0000003582654191092160544940270483493805e+00
134,1.0000002291053311509472223406191915273666e+00
135,1.0000001225618782019211039369110949337482e+00
136,1.0000000503028529941218494059285148978233e+00
137,1.0000000116801341931704882881604135036469e+00
138,9.9999999999995381472217559348791837692261e-01
139,1.0000000116801615046568940670113079249859e+00
140,1.0000000503028008136396920235711149871349e+00
141,1.0000001225618528888361424833419732749462e+00
142,1.0000002291053529113185049936873838305473e+00
143,1.0000003582654304334909056706237606704235e+00
144,1.0000003582653953504433275156770832836628e+00
145,1.0000002291053484704264064930612221360207e+00
146,1.0000001225618573297282409839681349694729e+00
147,1.0000000503028290133045175025472417473793e+00
148,1.0000000116801683880396467429818585515022e+00
149,9.9999999999997024602294004580471664667130e-01
150,1.0000000116802139071836563744000159204006e+00
151,1.0000000503028443343822573297074995934963e+00
152,1.0000001225618029288000343512976542115211e+00
153,1.0000002291054130854064396771718747913837e+00
154,1.0000003582653427258719602832570672035217e+00
155,1.0000003582653942402203028905205428600311e+00
156,1.0000002291054106429157855018274858593941e+00
157,1.0000001225618793121441285620676353573799e+00
158,1.0000000503028090292900742497295141220093e+00
159,1.0000000116801737171101649437332525849342e+00
160,9.9999999999998956390356852352852001786232e-01
161,1.0000000116802101324253726488677784800529e+00
162,1.0000000503028467768729115050518885254860e+00
163,1.0000001225618353473123534058686345815659e+00
164,1.0000002291054215231014268283615820109844e+00
165,1.0000003582654097833426476427121087908745e+00
166,1.0000003582654299894016958205611445009708e+00
167,1.0000002291053491365602212681551463901997e+00
168,1.0000001225618682099138823105022311210632e+00
169,1.0000000503028325660181963030481711030006e+00
170,1.0000000116801415206424508141935802996159e+00
171,9.9999999999996658228695878278813324868679e-01
172,1.0000000116802263416815321761532686650753e+00
173,1.0000000503027861586957669715047813951969e+00
174,1.0000001225618493361224636828410439193249e+00
175,1.0000002291053580183444182694074697792530e+00
176,1.0000003582653858025253157393308356404305e+00
177,1.0000003582654191092160544940270483493805e+00
178,1.0000002291053311509472223406191915273666e+00
179,1.0000001225618782019211039369110949337482e+00
180,1.0000000503028529941218494059285148978233e+00
181,1.0000000116801341931704882881604135036469e+00
182,9.9999999999995381472217559348791837692261e-01
183,1.0000000116801615046568940670113079249859e+00
184,1.0000000503028008136396920235711149871349e+00
185,1.0000001225618528888361424833419732749462e+00
186,1.0000002291053529113185049936873838305473e+00
187,1.0000003582654304334909056706237606704235e+00
188,1.0000003582654370948290534215630032122135e+00
189,1.0000002291053542435861345438752323389053e+00
190,1.0000001225618782019211039369110949337482e+00
191,1.0000000503028516618542198557406663894653e+00
192,1.0000000116801519567388822906650602817535e+00
193,9.9999999999993549604226927840500138700008e-01
194,1.0000000116801488481144133402267470955849e+00
195,1.0000000503028516618542198557406663894653e+00
196,1.0000001225618428968289208569331094622612e+00
197,1.0000002291053395886422094918088987469673e+00
198,1.0000003582654202194390791191835887730122e+00
199,1.0000003582653924638634634902700781822205e+00
200,1.0000002291053480263371966429986059665680e+00
201,1.0000001225618977418463373396662063896656e+00
202,1.0000000503028203535649254263262264430523e+00
203,1.0000000116801839311619914951734244823456e+00
204,9.9999999999999178434961777384160086512566e-01
205,1.0000000116801532890065118408529087901115e+00
206,1.0000000503028407816685785292065702378750e+00
207,1.0000001225618568856390311339055188000202e+00
208,1.0000002291053793346264910724130459129810e+00
209,1.0000003582654519718175833986606448888779e+00
210,1.0000003582654446443456208726274780929089e+00
211,1.0000002291054501668554621574003249406815e+00
212,1.0000001225618937450434486891026608645916e+00
213,1.0000000503027732801086813196889124810696e+00
214,1.0000000116801710525749058433575555682182e+00
215,1.0000000000000091038288019262836314737797e+00
216,1.0000000116801437410885000645066611468792e+00
217,1.0000000503028345644196406283299438655376e+00
218,1.0000001225618839750808319877251051366329e+00
219,1.0000002291054161940309086276101879775524e+00
220,1.0000003582654428679887814723770134150982e+00
221,1.0000003582654370948290534215630032122135e+00
222,1.0000002291053542435861345438752323389053e+00
223,1.0000001225618782019211039369110949337482e+00
224,1.0000000503028516618542198557406663894653e+00
225,1.0000000116801519567388822906650602817535e+00
226,9.9999999999993549604226927840500138700008e-01
227,1.0000000116801488481144133402267470955849e+00
228,1.0000000503028516618542198557406663894653e+00
229,1.0000001225618428968289208569331094622612e+00
230,1.0000002291053395886422094918088987469673e+00
231,1.0000003582654202194390791191835887730122e+00
232,1.0000003582653749223396744127967394888401e+00
233,1.0000002291053742276005777966929599642754e+00
234,1.0000001225618946332218683892278932034969e+00
235,1.0000000503028292353491224275785498321056e+00
236,1.0000000116801561755863758662599138915539e+00
237,9.9999999999999289457264239899814128875732e-01
238,1.0000000116801630589691285422304645180702e+00
239,1.0000000503027772769115699702524580061436e+00
240,1.0000001225618924127758191389148123562336e+00
241,1.0000002291054037595330328258569352328777e+00
242,1.0000003582653829159454517139238305389881e+00
243,1.0000003582654162226361904686200432479382e+00
244,1.0000002291053768921358368970686569809914e+00
245,1.0000001225618670996908576853456906974316e+00
246,1.0000000503028367848656898786430247128010e+00
247,1.0000000116801539551403266159468330442905e+00
248,1.0000000000000295319324550291639752686024e+00
249,1.0000000116801370797503523135674186050892e+00
250,1.0000000503028430021146277795196510851383e+00
251,1.0000001225618200262346135787083767354488e+00
252,1.0000002291054053138452673010760918259621e+00
253,1.0000003582654313216693253707489930093288e+00
254,1.0000003582653933520418831903953105211258e+00
255,1.0000002291053831093847747979452833533287e+00
256,1.0000001225618475597656242825905792415142e+00
257,1.0000000503028330101074061531107872724533e+00
258,1.0000000116801810445821274697664193809032e+00
259,9.9999999999999911182158029987476766109467e-01
260,1.0000000116801626148799186921678483486176e+00
261,1.0000000503028652065751202826504595577717e+00
262,1.0000001225618395661598469814634881913662e+00
263,1.0000002291053398106868144168402068316936e+00
264,1.0000003582654541922636326489737257361412e+00
265,1.0000003582653620437525887609808705747128e+00
266,1.0000002291053222691630253393668681383133e+00
267,1.0000001225618695421815118606900796294212e+00
268,1.0000000503028056986210003742598928511143e+00
269,1.0000000116801528449173019907902926206589e+00
270,9.9999999999998945288126606101286597549915e-01
271,1.0000000116801821548051520949229598045349e+00
272,1.0000000503028358966872701785177923738956e+00
273,1.0000001225618768696534743867232464253902e+00
274,1.0000002291053700087530842210981063544750e+00
275,1.0000003582653669287338971116696484386921e+00
276,1.0000003582654446443456208726274780929089e+00
277,1.0000002291054501668554621574003249406815e+00
278,1.0000001225618937450434486891026608645916e+00
279,1.0000000503027732801086813196889124810696e+00
280,1.0000000116801710525749058433575555682182e+00
281,1.0000000000000091038288019262836314737797e+00
282,1.0000000116801437410885000645066611468792e+00
283,1.0000000503028345644196406283299438655376e+00
284,1.0000001225618839750808319877251051366329e+00
285,1.0000002291054161940309086276101879775524e+00
286,1.0000003582654357625614238713751547038555e+00
287,1.0000003582654672928953232258209027349949e+00
288,1.0000002291054275183057598042069002985954e+00
289,1.0000001225618697642261167857213877141476e+00
290,1.0000000503028450005160721048014238476753e+00
291,1.0000000116801581739878201915416866540909e+00
292,1.0000000000000048849813083506887778639793e+00
293,1.0000000116801643912367580924183130264282e+00
294,1.0000000503028247944570239269523881375790e+00
295,1.0000001225618320166432795303990133106709e+00
296,1.0000002291053906589013422490097582340240e+00
297,1.0000003582653980149785866160527803003788e+00
298,1.0000003582653731459828350125462748110294e+00
299,1.0000002291053318170810371157131157815456e+00
300,1.0000001225618155853425150780822150409222e+00
301,1.0000000503028341203304307782673276960850e+00
302,1.0000000116801803784483126946724951267242e+00
303,9.9999999999995969890420610681758262217045e-01
304,1.0000000116801279759215503872837871313095e+00
305,1.0000000503027908216324703971622511744499e+00
306,1.0000001225618633249325739598134532570839e+00
307,1.0000002291053753378236024218495003879070e+00
308,1.0000003582654048983613392920233309268951e+00
309,1.0000003582653895772835994648630730807781e+00
310,1.0000002291053990965963294001994654536247e+00
311,1.0000001225619039590952752405428327620029e+00
312,1.0000000503028498854973804554902017116547e+00
313,1.0000000116801743832439797188271768391132e+00
314,9.9999999999998445687765524780843406915665e-01
315,1.0000000116801330829474636630038730800152e+00
316,1.0000000503028154685836170756374485790730e+00
317,1.0000001225618282418849958048667758703232e+00
318,1.0000002291053169400925071386154741048813e+00
319,1.0000003582654077849412033174303360283375e+00
320,1.0000003582653895772835994648630730807781e+00
321,1.0000002291053990965963294001994654536247e+00
322,1.0000001225619039590952752405428327620029e+00
323,1.0000000503028498854973804554902017116547e+00
324,1.0000000116801743832439797188271768391132e+00
325,9.9999999999998445687765524780843406915665e-01
326,1.0000000116801330829474636630038730800152e+00
327,1.0000000503028154685836170756374485790730e+00
328,1.0000001225618282418849958048667758703232e+00
329,1.0000002291053169400925071386154741048813e+00
330,1.0000003582653962386217472158023156225681e+00
331,1.0000003582653538281022065348224714398384e+00
332,1.0000002291053367020623454664018936455250e+00
333,1.0000001225618717626275611110031604766846e+00
334,1.0000000503027786091791995204403065145016e+00
335,1.0000000116801495142482281153206713497639e+00
336,1.0000000000000170974345792274107225239277e+00
337,1.0000000116801883720540899957995861768723e+00
338,1.0000000503028081411116545496042817831039e+00
339,1.0000001225618484479440439827158115804195e+00
340,1.0000002291053526892739000686560757458210e+00
341,1.0000003582653154143855545044061727821827e+00
342,1.0000050732171803513637087235110811889172e+00
343,1.0000046011453249672484844268183223903179e+00
344,1.0000038592001811998954963200958445668221e+00
345,1.0000030935863231107418869214598089456558e+00
346,1.0000026061874323080047588518937118351460e+00
347,1.0000026061874383032090918277390301227570e+00
348,1.0000030935863668535290571526275016367435e+00
349,1.0000038592001843085199652705341577529907e+00
350,1.0000046011453258554269041269435547292233e+00
351,1.0000050732172556244847783091245219111443e+00
352,1.0000046011452909944239308970281854271889e+00
353,1.0000037134694952367652831526356749236584e+00
354,1.0000026061874360827630425774259492754936e+00
355,1.0000016738277461847417271201265975832939e+00
356,1.0000013079917557945464068325236439704895e+00
357,1.0000016738278305616915986320236697793007e+00
358,1.0000026061874218719083273754222318530083e+00
359,1.0000037134694714779925561742857098579407e+00
360,1.0000046011452830008181535959010943770409e+00
361,1.0000038592001645465501269427477382123470e+00
362,1.0000026061874522920192021047114394605160e+00
363,1.0000013079917484670744443064904771745205e+00
364,1.0000004729786142743108712238608859479427e+00
365,1.0000004729786187152029697244870476424694e+00
366,1.0000013079917919878170096126268617808819e+00
367,1.0000026061874149885255746994516812264919e+00
368,1.0000038592001436743572639898047782480717e+00
369,1.0000030935863974956845368069480173289776e+00
370,1.0000016738278076910972913537989370524883e+00
371,1.0000004729785960666532673712936230003834e+00
372,1.0000000000000379696274421803536824882030e+00
373,1.0000004729785842982892063446342945098877e+00
374,1.0000016738277521799460600959719158709049e+00
375,1.0000030935863495340498730001854710280895e+00
376,1.0000026061873883431729836956947110593319e+00
377,1.0000013079917504654758886317722499370575e+00
378,1.0000004729786438062433262530248612165451e+00
379,1.0000004729786506896260789289954118430614e+00
380,1.0000013079918042002702804893488064408302e+00
381,1.0000026061874367488968573525198735296726e+00
382,1.0000026061874487393055233042105101048946e+00
383,1.0000016738278345584944872825872153043747e+00
384,1.0000013079917799974083436609362252056599e+00
385,1.0000016738277592853734176969737745821476e+00
386,1.0000026061874134342133402242325246334076e+00
387,1.0000030935863806202945625045686028897762e+00
388,1.0000026061874147664809697744203731417656e+00
389,1.0000026061874347504954130272381007671356e+00
390,1.0000030935863806202945625045686028897762e+00
391,1.0000038592001505577400166657753288745880e+00
392,1.0000037134694867990702960014459677040577e+00
393,1.0000038592001354587068817636463791131973e+00
394,1.0000046011452836669519683709950186312199e+00
395,1.0000046011452778937922403201810084283352e+00
396,1.0000050732171852363450170741998590528965e+00
397,1.0000050732171812395421284236363135278225e+00
398,1.0000046011452963234944490977795794606209e+00
399,1.0000038592001807558062864700332283973694e+00
400,1.0000030935863664094398473025648854672909e+00
401,1.0000026061873958926895511467591859400272e+00
402,1.0000026061874243143989815507666207849979e+00
403,1.0000030935863439829347498744027689099312e+00
404,1.0000038592001403436881901143351569771767e+00
405,1.0000046011453274097391386021627113223076e+00
406,1.0000050732172172107681262787082232534885e+00
407,1.0000046011453009864311525234370492398739e+00
408,1.0000037134694861329364812263520434498787e+00
409,1.0000026061874236482651667756726965308189e+00
410,1.0000016738277561767489487465354613959789e+00
411,1.0000013079917446923161605809582397341728e+00
412,1.0000016738278001415807239027344621717930e+00
413,1.0000026061874485172609183791792020201683e+00
414,1.0000037134694914620069994271034374833107e+00
415,1.0000046011453589400730379566084593534470e+00
416,1.0000038592001203596737468615174293518066e+00
417,1.0000026061874216498637224503909237682819e+00
418,1.0000013079917606795277151832124218344688e+00
419,1.0000004729786213797382288248627446591854e+00
420,1.0000004729786227120058583750505931675434e+00
421,1.0000013079917966507537130382843315601349e+00
422,1.0000026061874973670740018860669806599617e+00
423,1.0000038592001396775543753392412327229977e+00
424,1.0000030935863903902571792059461586177349e+00
425,1.0000016738277874850382431759499013423920e+00
426,1.0000004729786053925266742226085625588894e+00
427,1.0000000000000137667655053519411012530327e+00
428,1.0000004729786253765411174754262901842594e+00
429,1.0000016738277677230684048481634818017483e+00
430,1.0000030935863599701463044766569510102272e+00
431,1.0000026061873992233586250222288072109222e+00
432,1.0000013079917595693046905580558814108372e+00
433,1.0000004729786398094404376024613156914711e+00
434,1.0000004729786060586604889977024868130684e+00
435,1.0000013079917835501220224614371545612812e+00
436,1.0000026061874169869270190247334539890289e+00
437,1.0000026061873963367787609968218021094799e+00
438,1.0000016738278252326210804312722757458687e+00
439,1.0000013079917520197881231069914065301418e+00
440,1.0000016738277919259303416765760630369186e+00
441,1.0000026061874209837299076752969995141029e+00
442,1.0000030935863548631203912009368650615215e+00
443,1.0000026061874307536925243766745552420616e+00
444,1.0000026061874240923543766257353127002716e+00
445,1.0000030935863415404440956990583799779415e+00
446,1.0000038592002022941329641980701126158237e+00
447,1.0000037134695385354632435337407514452934e+00
448,1.0000038592001552206767200914327986538410e+00
449,1.0000046011452672356512039186782203614712e+00
450,1.0000046011452592420454266175511293113232e+00
451,1.0000050732171896772371155748260207474232e+00
452,1.0000050732171439360485010183765552937984e+00
453,1.0000046011452992100743131231865845620632e+00
454,1.0000038592001330162162275883019901812077e+00
455,1.0000030935863573056110453762812539935112e+00
456,1.0000026061874291993802899014553986489773e+00
457,1.0000026061873965588233659218531101942062e+00
458,1.0000030935863630787707734270952641963959e+00
459,1.0000038592001805337616815450019203126431e+00
460,1.0000046011453385119693848537281155586243e+00
461,1.0000050732171608114384753207559697329998e+00
462,1.0000046011452778937922403201810084283352e+00
463,1.0000037134694428342385208452469669282436e+00
464,1.0000026061874485172609183791792020201683e+00
465,1.0000016738278170169706982051138766109943e+00
466,1.0000013079917970948429228883469477295876e+00
467,1.0000016738277992534023042026092298328876e+00
468,1.0000026061874449645472395786782726645470e+00
469,1.0000037134695209939394544562674127519131e+00
470,1.0000046011452667915619940686156041920185e+00
471,1.0000038592001827542077307953150011599064e+00
472,1.0000026061874378591198819776764139533043e+00
473,1.0000013079917484670744443064904771745205e+00
474,1.0000004729785885171366999202291481196880e+00
475,1.0000004729785545443121463904390111565590e+00
476,1.0000013079917444702715556559269316494465e+00
477,1.0000026061874194294176732000778429210186e+00
478,1.0000038592001805337616815450019203126431e+00
479,1.0000030935863899461679693558835424482822e+00
480,1.0000016738278096894987356790807098150253e+00
481,1.0000004729785949564302427461370825767517e+00
482,9.9999999999997390975892130882130004465580e-01
483,1.0000004729786420298864868527743965387344e+00
484,1.0000016738277803796108855749480426311493e+00
485,1.0000030935863906123017841309774667024612e+00
486,1.0000026061874356386738327273633331060410e+00
487,1.0000013079917975389321327384095638990402e+00
488,1.0000004729786182711137598744244314730167e+00
489,1.0000004729786429180649065528996288776398e+00
490,1.0000013079917884351033308121259324252605e+00
491,1.0000026061874713878552256574039347469807e+00
492,1.0000026061874363048076475024572573602200e+00
493,1.0000016738277874850382431759499013423920e+00
494,1.0000013079917713376687515847152099013329e+00
495,1.0000016738277655026223555978504009544849e+00
496,1.0000026061874223159975372254848480224609e+00
497,1.0000030935864163694759554346092045307159e+00
498,1.0000026061874622840264237311203032732010e+00
499,1.0000026061874467409040789789287373423576e+00
500,1.0000030935863861714096856303513050079346e+00
501,1.0000038592001267989672896874253638088703e+00
502,1.0000037134694970131221225528861396014690e+00
503,1.0000038592001698756206451434991322457790e+00
504,1.0000046011453009864311525234370492398739e+00
505,1.0000046011452830008181535959010943770409e+00
506,1.0000050732172016676457815265166573226452e+00
507,1.0000050732171905654155352749512530863285e+00
508,1.0000046011453020966541771485935896635056e+00
509,1.0000038592001527781860659160884097218513e+00
510,1.0000030935863615244585389518761076033115e+00
511,1.0000026061874474070378937540226615965366e+00
512,1.0000026061874200955514879751717671751976e+00
513,1.0000030935863364334181824233382940292358e+00
514,1.0000038592001931903041622717864811420441e+00
515,1.0000046011453180838657317508477717638016e+00
516,1.0000050732171601453046605456620454788208e+00
517,1.0000046011452903282901161219342611730099e+00
518,1.0000037134694839124904319760389626026154e+00
519,1.0000026061874009997154644224792718887329e+00
520,1.0000016738277883732166628760751336812973e+00
521,1.0000013079917446923161605809582397341728e+00
522,1.0000016738277928141087613767012953758240e+00
523,1.0000026061874360827630425774259492754936e+00
524,1.0000037134694965690329127028235234320164e+00
525,1.0000046011452938810037949224351905286312e+00
526,1.0000038592001752046911633442505262792110e+00
527,1.0000026061874185412392534999526105821133e+00
528,1.0000013079917675629104678591829724609852e+00
529,1.0000004729786200474705992746748961508274e+00
530,1.0000004729786258206303273254889063537121e+00
531,1.0000013079917839942112323114997707307339e+00
532,1.0000026061874356386738327273633331060410e+00
533,1.0000038592000881632060327319777570664883e+00
534,1.0000030935863779557593034041929058730602e+00
535,1.0000016738277770489418116994784213602543e+00
536,1.0000004729785971768762919964501634240150e+00
537,1.0000000000000497379915032070130109786987e+00
538,1.0000004729785905155381442455109208822250e+00
539,1.0000016738277650585331457477877847850323e+00
540,1.0000030935863963854615121817914769053459e+00
541,1.0000026061873741323182684936909936368465e+00
542,1.0000013079917786651407141107483766973019e+00
543,1.0000004729786058366158840726711787283421e+00
544,1.0000004729786042823036495974520221352577e+00
545,1.0000013079917722258471712848404422402382e+00
546,1.0000026061874192073730682750465348362923e+00
547,1.0000026061873688032477502929395996034145e+00
548,1.0000016738278043604282174783293157815933e+00
549,1.0000013079917768887838747104979120194912e+00
550,1.0000016738278039163390076282666996121407e+00
551,1.0000026061874220939529323004535399377346e+00
552,1.0000030935863557512988109010620974004269e+00
553,1.0000026061874021099384890476358123123646e+00
554,1.0000026061874329741385736269876360893250e+00
555,1.0000030935863708503319458031910471618176e+00
556,1.0000038592001774251372125945636071264744e+00
557,1.0000037134694717000371610993170179426670e+00
558,1.0000038592002116200063710493850521743298e+00
559,1.0000046011453180838657317508477717638016e+00
560,1.0000046011453282979175583022879436612129e+00
561,1.0000050732171554823679571200045756995678e+00
562,1.0000050732172243161954838797100819647312e+00
563,1.0000046011452687899634383938973769545555e+00
564,1.0000038592001754267357682692818343639374e+00
565,1.0000030935863861714096856303513050079346e+00
566,1.0000026061874205396406978252343833446503e+00
567,1.0000026061874487393055233042105101048946e+00
568,1.0000030935863415404440956990583799779415e+00
569,1.0000038592001172510492779110791161656380e+00
570,1.0000046011453085359477199745015241205692e+00
571,1.0000050732171359424427237172494642436504e+00
572,1.0000046011453096461707445996580645442009e+00
573,1.0000037134694566010040261971880681812763e+00
574,1.0000026061874460747702642038348130881786e+00
575,1.0000016738277863748152185507933609187603e+00
576,1.0000013079918059766271198895992711186409e+00
577,1.0000016738277841543691693004802800714970e+00
578,1.0000026061874127680795254491386003792286e+00
579,1.0000037134694956808544930026982910931110e+00
580,1.0000046011452805583274994205567054450512e+00
581,1.0000038592001641024609170926851220428944e+00
582,1.0000026061874101035442663487629033625126e+00
583,1.0000013079917515756989132569287903606892e+00
584,1.0000004729786176049799450993305072188377e+00
585,1.0000004729786042823036495974520221352577e+00
586,1.0000013079917879910141209620633162558079e+00
587,1.0000026061874398575213263029581867158413e+00
588,1.0000038592002067350250626986962743103504e+00
589,1.0000030935863066794411224691430106759071e+00
590,1.0000016738278207917289819306461140513420e+00
591,1.0000004729786331481022898515220731496811e+00
592,9.9999999999997846167332227196311578154564e-01
593,1.0000004729785891832705146953230723738670e+00
594,1.0000016738277692773806393233826383948326e+00
595,1.0000030935863761794024640039424411952496e+00
596,1.0000026061874152105701796244829893112183e+00
597,1.0000013079917688951780974093708209693432e+00
598,1.0000004729786120538648219735478051006794e+00
599,1.0000004729785672008546271172235719859600e+00
600,1.0000013079917853264788618616876192390919e+00
601,1.0000026061873907856636378710390999913216e+00
602,1.0000026061874687233199665570282377302647e+00
603,1.0000016738277814898339102001045830547810e+00
604,1.0000013079917915437277997625642456114292e+00
605,1.0000016738278294514685740068671293556690e+00
606,1.0000026061874072169644023233558982610703e+00
607,1.0000030935863712944211556532536633312702e+00
608,1.0000026061874347504954130272381007671356e+00
609,1.0000026061874203175960929002030752599239e+00
610,1.0000030935863482017822434499976225197315e+00
611,1.0000038592001792014940519948140718042850e+00
612,1.0000037134695238805193184816744178533554e+00
613,1.0000038592001569970335594916832633316517e+00
614,1.0000046011453203043117810011608526110649e+00
615,1.0000046011452972116728687979048117995262e+00
616,1.0000050732171605893938703957246616482735e+00
617,1.0000050732171905654155352749512530863285e+00
618,1.0000046011453020966541771485935896635056e+00
619,1.0000038592001527781860659160884097218513e+00
620,1.0000030935863615244585389518761076033115e+00
621,1.0000026061874474070378937540226615965366e+00
622,1.0000026061874200955514879751717671751976e+00
623,1.0000030935863364334181824233382940292358e+00
624,1.0000038592001931903041622717864811420441e+00
625,1.0000046011453180838657317508477717638016e+00
626,1.0000050732171601453046605456620454788208e+00
627,1.0000046011452903282901161219342611730099e+00
628,1.0000037134694839124904319760389626026154e+00
629,1.0000026061874009997154644224792718887329e+00
630,1.0000016738277883732166628760751336812973e+00
631,1.0000013079917446923161605809582397341728e+00
632,1.0000016738277928141087613767012953758240e+00
633,1.0000026061874360827630425774259492754936e+00
634,1.0000037134694965690329127028235234320164e+00
635,1.0000046011452938810037949224351905286312e+00
636,1.0000038592001752046911633442505262792110e+00
637,1.0000026061874185412392534999526105821133e+00
638,1.0000013079917675629104678591829724609852e+00
639,1.0000004729786200474705992746748961508274e+00
640,1.0000004729786258206303273254889063537121e+00
641,1.0000013079917839942112323114997707307339e+00
642,1.0000026061874356386738327273633331060410e+00
643,1.0000038592000881632060327319777570664883e+00
644,1.0000030935863779557593034041929058730602e+00
645,1.0000016738277770489418116994784213602543e+00
646,1.0000004729785971768762919964501634240150e+00
647,1.0000000000000497379915032070130109786987e+00
648,1.0000004729785905155381442455109208822250e+00
649,1.0000016738277650585331457477877847850323e+00
650,1.0000030935863963854615121817914769053459e+00
651,1.0000026061873741323182684936909936368465e+00
652,1.0000013079917786651407141107483766973019e+00
653,1.0000004729786058366158840726711787283421e+00
654,1.0000004729786042823036495974520221352577e+00
655,1.0000013079917722258471712848404422402382e+00
656,1.0000026061874192073730682750465348362923e+00
657,1.0000026061873688032477502929395996034145e+00
658,1.0000016738278043604282174783293157815933e+00
659,1.0000013079917768887838747104979120194912e+00
660,1.0000016738278039163390076282666996121407e+00
661,1.0000026061874220939529323004535399377346e+00
662,1.0000030935863557512988109010620974004269e+00
663,1.0000026061874021099384890476358123123646e+00
664,1.0000026061874329741385736269876360893250e+00
665,1.0000030935863708503319458031910471618176e+00
666,1.0000038592001774251372125945636071264744e+00
667,1.0000037134694717000371610993170179426670e+00
668,1.0000038592002116200063710493850521743298e+00
669,1.0000046011453180838657317508477717638016e+00
670,1.0000046011453282979175583022879436612129e+00
671,1.0000050732171554823679571200045756995678e+00
672,1.0000050732172287570875823803362436592579e+00
673,1.0000046011452958794052392477169632911682e+00
674,1.0000038592001709858436697686556726694107e+00
675,1.0000030935863808423391674295999109745026e+00
676,1.0000026061874613958480040309950709342957e+00
677,1.0000026061874447425026346536469645798206e+00
678,1.0000030935864157033421406595152802765369e+00
679,1.0000038592002054027574331485084258019924e+00
680,1.0000046011452752292569812198053114116192e+00
681,1.0000050732172001133335470512975007295609e+00
682,1.0000046011452718985879073443356901407242e+00
683,1.0000037134694954588098880776669830083847e+00
684,1.0000026061874076610536121734185144305229e+00
685,1.0000016738278034722497977782040834426880e+00
686,1.0000013079917640101967890586820431053638e+00
687,1.0000016738277839323245643754489719867706e+00
688,1.0000026061874285332464751263614743947983e+00
689,1.0000037134694867990702960014459677040577e+00
690,1.0000046011453438410399030544795095920563e+00
691,1.0000038592002158388538646249799057841301e+00
692,1.0000026061874296434694997515180148184299e+00
693,1.0000013079918013136904164639418013393879e+00
694,1.0000004729786133861324515237356536090374e+00
695,1.0000004729786085011511431730468757450581e+00
696,1.0000013079918250724631434422917664051056e+00
697,1.0000026061874518479299922546488232910633e+00
698,1.0000038592002100656941365741658955812454e+00
699,1.0000030935863719605549704283475875854492e+00
700,1.0000016738278421080110547336516901850700e+00
701,1.0000004729786016177683904970763251185417e+00
702,1.0000000000000150990331349021289497613907e+00
703,1.0000004729786280410763765758019872009754e+00
704,1.0000016738277837102799594504176639020443e+00
705,1.0000030935863961634169072567601688206196e+00
706,1.0000026061873699134707749180961400270462e+00
707,1.0000013079917555725018019074923358857632e+00
708,1.0000004729786220458720435999566689133644e+00
709,1.0000004729786138302216613737982697784901e+00
710,1.0000013079918159686343415160081349313259e+00
711,1.0000026061874207616853027502656914293766e+00
712,1.0000026061874001115370447223540395498276e+00
713,1.0000016738278540984197206853423267602921e+00
714,1.0000013079917520197881231069914065301418e+00
715,1.0000016738277837102799594504176639020443e+00
716,1.0000026061874349725400179522694088518620e+00
717,1.0000030935863619685477488019387237727642e+00
718,1.0000026061874676130969419318716973066330e+00
719,1.0000026061874165428378091746708378195763e+00
720,1.0000030935863817305175871297251433134079e+00
721,1.0000038592001443404910787648987025022507e+00
722,1.0000037134695127782890722301090136170387e+00
723,1.0000038592001578852119791918084956705570e+00
724,1.0000046011452405902986129149212501943111e+00
725,1.0000046011452592420454266175511293113232e+00
726,1.0000050732172465206559763828408904373646e+00
727,1.0000050732171954503968436256400309503078e+00
728,1.0000046011453276317837435271940194070339e+00
729,1.0000038592001410098220048894290812313557e+00
730,1.0000030935863710723765507282223552465439e+00
731,1.0000026061873719118722192433779127895832e+00
732,1.0000026061873574789728991163428872823715e+00
733,1.0000030935863348791059479481191374361515e+00
734,1.0000038592001525561414609910571016371250e+00
735,1.0000046011453207484009908512234687805176e+00
736,1.0000050732171339440412793919676914811134e+00
737,1.0000046011452892180670914967777207493782e+00
738,1.0000037134694654827882231984403915703297e+00
739,1.0000026061874478511271036040852777659893e+00
740,1.0000016738278310057808084820862859487534e+00
741,1.0000013079917804414975535109988413751125e+00
742,1.0000016738278103556325504541746340692043e+00
743,1.0000026061874673910523370068403892219067e+00
744,1.0000037134695114460214426799211651086807e+00
745,1.0000046011452974337174737229361198842525e+00
746,1.0000038592001618820148678423720411956310e+00
747,1.0000026061874367488968573525198735296726e+00
748,1.0000013079917600133939004081184975802898e+00
749,1.0000004729785885171366999202291481196880e+00
750,1.0000004729785691992560714425053447484970e+00
751,1.0000013079917444702715556559269316494465e+00
752,1.0000026061873912297528477211017161607742e+00
753,1.0000038592001230242090059618931263685226e+00
754,1.0000030935863430947563301742775365710258e+00
755,1.0000016738277848205029840755742043256760e+00
756,1.0000004729786324819684750764281488955021e+00
757,9.9999999999998134825318629737012088298798e-01
758,1.0000004729786420298864868527743965387344e+00
759,1.0000016738277797134770707998541183769703e+00
760,1.0000030935864265835277819860493764281273e+00
761,1.0000026061874220939529323004535399377346e+00
762,1.0000013079917817737651830611866898834705e+00
763,1.0000004729785985091439215466380119323730e+00
764,1.0000004729786322599238701513968408107758e+00
765,1.0000013079917844383004421615623869001865e+00
766,1.0000026061874434102350051034591160714626e+00
767,1.0000026061873956706449462217278778553009e+00
768,1.0000016738278003636253288277657702565193e+00
769,1.0000013079917757785608500853413715958595e+00
770,1.0000016738277655026223555978504009544849e+00
771,1.0000026061874096594550564987002871930599e+00
772,1.0000030935864425707393365883035585284233e+00
773,1.0000026061874822680408669839380308985710e+00
774,1.0000026061874234262205618506413884460926e+00
775,1.0000030935863655212614276024396531283855e+00
776,1.0000038592001043724621922592632472515106e+00
777,1.0000037134695001217465915033244527876377e+00
778,1.0000038592001998516423100227257236838341e+00
779,1.0000046011452579097777970673632808029652e+00
780,1.0000046011453282979175583022879436612129e+00
781,1.0000050732171343881304892420303076505661e+00
782,1.0000050732171739120701658976031467318535e+00
783,1.0000046011452869976210422464646399021149e+00
784,1.0000038592001725401559042438748292624950e+00
785,1.0000030935863619685477488019387237727642e+00
786,1.0000026061873952265557363716652616858482e+00
787,1.0000026061874285332464751263614743947983e+00
788,1.0000030935863679637520817777840420603752e+00
789,1.0000038592001381232421408640220761299133e+00
790,1.0000046011453305183636075526010245084763e+00
791,1.0000050732171665845982033715699799358845e+00
792,1.0000046011452454752799212656100280582905e+00
793,1.0000037134694541585133720218436792492867e+00
794,1.0000026061874580651789301555254496634007e+00
795,1.0000016738278216799074016307713463902473e+00
796,1.0000013079917697833565171094960533082485e+00
797,1.0000016738277699435144540984765626490116e+00
798,1.0000026061874360827630425774259492754936e+00
799,1.0000037134694959028990979277295991778374e+00
800,1.0000046011452206062841696621035225689411e+00
801,1.0000038592001516679630412909318692982197e+00
802,1.0000026061874009997154644224792718887329e+00
803,1.0000013079917282610153961286414414644241e+00
804,1.0000004729785729740143551680375821888447e+00
805,1.0000004729786076129727234729216434061527e+00
806,1.0000013079917766667392697854666039347649e+00
807,1.0000026061874187632838584249839186668396e+00
808,1.0000038592001592174796087419963441789150e+00
809,1.0000030935863963854615121817914769053459e+00
810,1.0000016738277999195361189777031540870667e+00
811,1.0000004729786391433066228273673914372921e+00
812,9.9999999999999444888487687421729788184166e-01
813,1.0000004729785729740143551680375821888447e+00
814,1.0000016738277839323245643754489719867706e+00
815,1.0000030935863648551276128273457288742065e+00
816,1.0000026061874121019457106740446761250496e+00
817,1.0000013079917910996385899125016294419765e+00
818,1.0000004729786136081770564487669616937637e+00
819,1.0000004729786449164663508781814016401768e+00
820,1.0000013079918212977048597167595289647579e+00
821,1.0000026061874480731717085291165858507156e+00
822,1.0000026061874360827630425774259492754936e+00
823,1.0000016738277754946295772242592647671700e+00
824,1.0000013079917773328730845605605281889439e+00
825,1.0000016738278345584944872825872153043747e+00
826,1.0000026061874351945846228773007169365883e+00
827,1.0000030935863584158340700014377944171429e+00
828,1.0000026061874456306810543537721969187260e+00
829,1.0000026061874656146954976065899245440960e+00
830,1.0000030935863726266887852034415118396282e+00
831,1.0000038592001250226104502871748991310596e+00
832,1.0000037134695130003336771551403217017651e+00
833,1.0000038592001589954350038169650360941887e+00
834,1.0000046011452714544986974942730739712715e+00
835,1.0000046011452827787735486708697862923145e+00
836,1.0000050732171832379435727489180862903595e+00
837,1.0000050732171477108067847439087927341461e+00
838,1.0000046011452883298886717966524884104729e+00
839,1.0000038592001956327948164471308700740337e+00
840,1.0000030935863908343463890560087747871876e+00
841,1.0000026061874263128004258760483935475349e+00
842,1.0000026061874280891572652762988582253456e+00
843,1.0000030935863863934542905553826130926609e+00
844,1.0000038592001418980004245895543135702610e+00
845,1.0000046011452878857994619465898722410202e+00
846,1.0000050732171714695795117222587577998638e+00
847,1.0000046011452756733461910698679275810719e+00
848,1.0000037134694790275091236253501847386360e+00
849,1.0000026061874258687112160259857773780823e+00
850,1.0000016738277388572697645940934307873249e+00
851,1.0000013079917444702715556559269316494465e+00
852,1.0000016738278114658555750793311744928360e+00
853,1.0000026061874152105701796244829893112183e+00
854,1.0000037134694654827882231984403915703297e+00
855,1.0000046011452978778066835729987360537052e+00
856,1.0000038592001683213084106682799756526947e+00
857,1.0000026061874311977817342267371714115143e+00
858,1.0000013079917744462932205351535230875015e+00
859,1.0000004729786264867641421005828306078911e+00
860,1.0000004729786140522662662988295778632164e+00
861,1.0000013079917688951780974093708209693432e+00
862,1.0000026061873965588233659218531101942062e+00
863,1.0000038592001643245055220177164301276207e+00
864,1.0000030935863271075447755720233544707298e+00
865,1.0000016738278456607247335341526195406914e+00
866,1.0000004729786218238274386749253608286381e+00
867,9.9999999999997224442438437108648940920830e-01
868,1.0000004729785949564302427461370825767517e+00
869,1.0000016738277726080497131988522596657276e+00
870,1.0000030935863508663175025503733195364475e+00
871,1.0000026061874174310162288747960701584816e+00
872,1.0000013079917504654758886317722499370575e+00
873,1.0000004729786204915598091247375123202801e+00
874,1.0000004729786178270245500243618153035641e+00
875,1.0000013079918113056976380903506651520729e+00
876,1.0000026061874340843615982521441765129566e+00
877,1.0000026061874067728751924732932820916176e+00
878,1.0000016738277843764137742255115881562233e+00
879,1.0000013079917731140255909849656745791435e+00
880,1.0000016738277628380870964974747039377689e+00
881,1.0000026061874118799011057490133680403233e+00
882,1.0000030935863741810010196786606684327126e+00
883,1.0000026061874138783025500742951408028603e+00
884,1.0000026061874400795659312279894948005676e+00
885,1.0000030935863419845333055491209961473942e+00
886,1.0000038592001607717918432172155007719994e+00
887,1.0000037134694659268774330485030077397823e+00
888,1.0000038592001658788177564929355867207050e+00
889,1.0000046011453218586240154763800092041492e+00
890,1.0000046011453014305203623734996654093266e+00
891,1.0000050732171545941895374198793433606625e+00
892,1.0000050732171803513637087235110811889172e+00
893,1.0000046011453249672484844268183223903179e+00
894,1.0000038592001811998954963200958445668221e+00
895,1.0000030935863231107418869214598089456558e+00
896,1.0000026061874323080047588518937118351460e+00
897,1.0000026061874383032090918277390301227570e+00
898,1.0000030935863668535290571526275016367435e+00
899,1.0000038592001843085199652705341577529907e+00
900,1.0000046011453258554269041269435547292233e+00
901,1.0000050732172556244847783091245219111443e+00
902,1.0000046011452909944239308970281854271889e+00
903,1.0000037134694952367652831526356749236584e+00
904,1.0000026061874360827630425774259492754936e+00
905,1.0000016738277461847417271201265975832939e+00
906,1.0000013079917557945464068325236439704895e+00
907,1.0000016738278305616915986320236697793007e+00
908,1.0000026061874218719083273754222318530083e+00
909,1.0000037134694714779925561742857098579407e+00
910,1.0000046011452830008181535959010943770409e+00
911,1.0000038592001645465501269427477382123470e+00
912,1.0000026061874522920192021047114394605160e+00
913,1.0000013079917484670744443064904771745205e+00
914,1.0000004729786142743108712238608859479427e+00
915,1.0000004729786187152029697244870476424694e+00
916,1.0000013079917919878170096126268617808819e+00
917,1.0000026061874149885255746994516812264919e+00
918,1.0000038592001436743572639898047782480717e+00
919,1.0000030935863974956845368069480173289776e+00
920,1.0000016738278076910972913537989370524883e+00
921,1.0000004729785960666532673712936230003834e+00
922,1.0000000000000379696274421803536824882030e+00
923,1.0000004729785842982892063446342945098877e+00
924,1.0000016738277521799460600959719158709049e+00
925,1.0000030935863495340498730001854710280895e+00
926,1.0000026061873883431729836956947110593319e+00
927,1.0000013079917504654758886317722499370575e+00
928,1.0000004729786438062433262530248612165451e+00
929,1.0000004729786506896260789289954118430614e+00
930,1.0000013079918042002702804893488064408302e+00
931,1.0000026061874367488968573525198735296726e+00
932,1.0000026061874487393055233042105101048946e+00
933,1.0000016738278345584944872825872153043747e+00
934,1.0000013079917799974083436609362252056599e+00
935,1.0000016738277592853734176969737745821476e+00
936,1.0000026061874134342133402242325246334076e+00
937,1.0000030935863806202945625045686028897762e+00
938,1.0000026061874147664809697744203731417656e+00
939,1.0000026061874347504954130272381007671356e+00
940,1.0000030935863806202945625045686028897762e+00
941,1.0000038592001505577400166657753288745880e+00
942,1.0000037134694867990702960014459677040577e+00
943,1.0000038592001354587068817636463791131973e+00
944,1.0000046011452836669519683709950186312199e+00
945,1.0000046011452778937922403201810084283352e+00
946,1.0000050732171852363450170741998590528965e+00
947,1.0000050732171812395421284236363135278225e+00
948,1.0000046011452963234944490977795794606209e+00
949,1.0000038592001807558062864700332283973694e+00
950,1.0000030935863664094398473025648854672909e+00
951,1.0000026061873958926895511467591859400272e+00
952,1.0000026061874243143989815507666207849979e+00
953,1.0000030935863439829347498744027689099312e+00
954,1.0000038592001403436881901143351569771767e+00
955,1.0000046011453274097391386021627113223076e+00
956,1.0000050732172172107681262787082232534885e+00
957,1.0000046011453009864311525234370492398739e+00
958,1.0000037134694861329364812263520434498787e+00
959,1.0000026061874236482651667756726965308189e+00
960,1.0000016738277561767489487465354613959789e+00
961,1.0000013079917446923161605809582397341728e+00
962,1.0000016738278001415807239027344621717930e+00
963,1.0000026061874485172609183791792020201683e+00
964,1.0000037134694914620069994271034374833107e+00
965,1.0000046011453589400730379566084593534470e+00
966,1.0000038592000997095254888336057774722576e+00
967,1.0000026061874216498637224503909237682819e+00
968,1.0000013079917606795277151832124218344688e+00
969,1.0000004729786213797382288248627446591854e+00
970,1.0000004729786227120058583750505931675434e+00
971,1.0000013079917966507537130382843315601349e+00
972,1.0000026061874973670740018860669806599617e+00
973,1.0000038592001396775543753392412327229977e+00
974,1.0000030935863470915592188248410820960999e+00
975,1.0000016738277874850382431759499013423920e+00
976,1.0000004729786053925266742226085625588894e+00
977,1.0000000000000137667655053519411012530327e+00
978,1.0000004729786253765411174754262901842594e+00
979,1.0000016738277677230684048481634818017483e+00
980,1.0000030935863599701463044766569510102272e+00
981,1.0000026061873992233586250222288072109222e+00
982,1.0000013079917595693046905580558814108372e+00
983,1.0000004729786398094404376024613156914711e+00
984,1.0000004729786060586604889977024868130684e+00
985,1.0000013079917835501220224614371545612812e+00
986,1.0000026061874169869270190247334539890289e+00
987,1.0000026061874247584881914008292369544506e+00
988,1.0000016738278252326210804312722757458687e+00
989,1.0000013079917520197881231069914065301418e+00
990,1.0000016738277919259303416765760630369186e+00
991,1.0000026061874209837299076752969995141029e+00
992,1.0000030935863830627852166799129918217659e+00
993,1.0000026061874307536925243766745552420616e+00
994,1.0000026061874240923543766257353127002716e+00
995,1.0000030935863415404440956990583799779415e+00
996,1.0000038592001727622005091689061373472214e+00
997,1.0000037134695385354632435337407514452934e+00
998,1.0000038592001552206767200914327986538410e+00
999,1.0000046011452672356512039186782203614712e+00
1000,1.0000046011452592420454266175511293113232e+00
1001,1.0000050732171896772371155748260207474232e+00
1002,1.0000050732171499312528339942218735814095e+00
1003,1.0000046011452992100743131231865845620632e+00
1004,1.0000038592001254666996601372375153005123e+00
1005,1.0000030935864001602197959073237143456936e+00
1006,1.0000026061874933702711132355034351348877e+00
1007,1.0000026061874287552910800513927824795246e+00
1008,1.0000030935863630787707734270952641963959e+00
1009,1.0000038592001390114205605641473084688187e+00
1010,1.0000046011453385119693848537281155586243e+00
1011,1.0000050732171608114384753207559697329998e+00
1012,1.0000046011452778937922403201810084283352e+00
1013,1.0000037134694428342385208452469669282436e+00
1014,1.0000026061874485172609183791792020201683e+00
1015,1.0000016738278170169706982051138766109943e+00
1016,1.0000013079917970948429228883469477295876e+00
1017,1.0000016738277992534023042026092298328876e+00
1018,1.0000026061874449645472395786782726645470e+00
1019,1.0000037134695209939394544562674127519131e+00
1020,1.0000046011452667915619940686156041920185e+00
1021,1.0000038592001827542077307953150011599064e+00
1022,1.0000026061874378591198819776764139533043e+00
1023,1.0000013079917484670744443064904771745205e+00
1024,1.0000004729785885171366999202291481196880e+00
1025,1.0000004729785545443121463904390111565590e+00
1026,1.0000013079917444702715556559269316494465e+00
1027,1.0000026061874194294176732000778429210186e+00
1028,1.0000038592001805337616815450019203126431e+00
1029,1.0000030935863899461679693558835424482822e+00
1030,1.0000016738278096894987356790807098150253e+00
1031,1.0000004729785949564302427461370825767517e+00
1032,9.9999999999997390975892130882130004465580e-01
1033,1.0000004729786420298864868527743965387344e+00
1034,1.0000016738277803796108855749480426311493e+00
1035,1.0000030935863906123017841309774667024612e+00
1036,1.0000026061874356386738327273633331060410e+00
1037,1.0000013079917975389321327384095638990402e+00
1038,1.0000004729786182711137598744244314730167e+00
1039,1.0000004729786429180649065528996288776398e+00
1040,1.0000013079917884351033308121259324252605e+00
1041,1.0000026061874713878552256574039347469807e+00
1042,1.0000026061874363048076475024572573602200e+00
1043,1.0000016738277874850382431759499013423920e+00
1044,1.0000013079917713376687515847152099013329e+00
1045,1.0000016738277655026223555978504009544849e+00
1046,1.0000026061874223159975372254848480224609e+00
1047,1.0000030935864163694759554346092045307159e+00
1048,1.0000026061874622840264237311203032732010e+00
1049,1.0000026061874467409040789789287373423576e+00
1050,1.0000030935863861714096856303513050079346e+00
1051,1.0000038592001267989672896874253638088703e+00
1052,1.0000037134694970131221225528861396014690e+00
1053,1.0000038592001698756206451434991322457790e+00
1054,1.0000046011453009864311525234370492398739e+00
1055,1.0000046011452830008181535959010943770409e+00
1056,1.0000050732172016676457815265166573226452e+00
1057,1.0000050732171905654155352749512530863285e+00
1058,1.0000046011453020966541771485935896635056e+00
1059,1.0000038592001527781860659160884097218513e+00
1060,1.0000030935863615244585389518761076033115e+00
1061,1.0000026061874474070378937540226615965366e+00
1062,1.0000026061874200955514879751717671751976e+00
1063,1.0000030935863364334181824233382940292358e+00
1064,1.0000038592001931903041622717864811420441e+00
1065,1.0000046011453180838657317508477717638016e+00
1066,1.0000050732171601453046605456620454788208e+00
1067,1.0000046011452903282901161219342611730099e+00
1068,1.0000037134694839124904319760389626026154e+00
1069,1.0000026061874009997154644224792718887329e+00
1070,1.0000016738277883732166628760751336812973e+00
1071,1.0000013079917446923161605809582397341728e+00
1072,1.0000016738277928141087613767012953758240e+00
1073,1.0000026061874360827630425774259492754936e+00
1074,1.0000037134694965690329127028235234320164e+00
1075,1.0000046011452938810037949224351905286312e+00
1076,1.0000038592001752046911633442505262792110e+00
1077,1.0000026061874185412392534999526105821133e+00
1078,1.0000013079917675629104678591829724609852e+00
1079,1.0000004729786200474705992746748961508274e+00
1080,1.0000004729786258206303273254889063537121e+00
1081,1.0000013079917839942112323114997707307339e+00
1082,1.0000026061874356386738327273633331060410e+00
1083,1.0000038592000881632060327319777570664883e+00
1084,1.0000030935863779557593034041929058730602e+00
1085,1.0000016738277770489418116994784213602543e+00
1086,1.0000004729785971768762919964501634240150e+00
1087,1.0000000000000497379915032070130109786987e+00
1088,1.0000004729785905155381442455109208822250e+00
1089,1.0000016738277650585331457477877847850323e+00
1090,1.0000030935863963854615121817914769053459e+00
1091,1.0000026061873741323182684936909936368465e+00
1092,1.0000013079917786651407141107483766973019e+00
1093,1.0000004729786058366158840726711787283421e+00
1094,1.0000004729786042823036495974520221352577e+00
1095,1.0000013079917722258471712848404422402382e+00
1096,1.0000026061874192073730682750465348362923e+00
1097,1.0000026061873688032477502929395996034145e+00
1098,1.0000016738278043604282174783293157815933e+00
1099,1.0000013079917768887838747104979120194912e+00
1100,1.0000016738278039163390076282666996121407e+00
1101,1.0000026061874220939529323004535399377346e+00
1102,1.0000030935863557512988109010620974004269e+00
1103,1.0000026061874021099384890476358123123646e+00
1104,1.0000026061874329741385736269876360893250e+00
1105,1.0000030935863708503319458031910471618176e+00
1106,1.0000038592001774251372125945636071264744e+00
1107,1.0000037134694717000371610993170179426670e+00
1108,1.0000038592002116200063710493850521743298e+00
1109,1.0000046011453180838657317508477717638016e+00
1110,1.0000046011453282979175583022879436612129e+00
1111,1.0000050732171554823679571200045756995678e+00
1112,1.0000050732172243161954838797100819647312e+00
1113,1.0000046011452687899634383938973769545555e+00
1114,1.0000038592001754267357682692818343639374e+00
1115,1.0000030935863861714096856303513050079346e+00
1116,1.0000026061874205396406978252343833446503e+00
1117,1.0000026061874487393055233042105101048946e+00
1118,1.0000030935863415404440956990583799779415e+00
1119,1.0000038592001172510492779110791161656380e+00
1120,1.0000046011453085359477199745015241205692e+00
1121,1.0000050732171359424427237172494642436504e+00
1122,1.0000046011453096461707445996580645442009e+00
1123,1.0000037134694566010040261971880681812763e+00
1124,1.0000026061874460747702642038348130881786e+00
1125,1.0000016738277863748152185507933609187603e+00
1126,1.0000013079918059766271198895992711186409e+00
1127,1.0000016738277841543691693004802800714970e+00
1128,1.0000026061874127680795254491386003792286e+00
1129,1.0000037134694956808544930026982910931110e+00
1130,1.0000046011452805583274994205567054450512e+00
1131,1.0000038592001641024609170926851220428944e+00
1132,1.0000026061874101035442663487629033625126e+00
1133,1.0000013079917515756989132569287903606892e+00
1134,1.0000004729786176049799450993305072188377e+00
1135,1.0000004729786042823036495974520221352577e+00
1136,1.0000013079917879910141209620633162558079e+00
1137,1.0000026061874398575213263029581867158413e+00
1138,1.0000038592002067350250626986962743103504e+00
1139,1.0000030935863066794411224691430106759071e+00
1140,1.0000016738278207917289819306461140513420e+00
1141,1.0000004729786331481022898515220731496811e+00
1142,9.9999999999997846167332227196311578154564e-01
1143,1.0000004729785891832705146953230723738670e+00
1144,1.0000016738277692773806393233826383948326e+00
1145,1.0000030935863761794024640039424411952496e+00
1146,1.0000026061874152105701796244829893112183e+00
1147,1.0000013079917688951780974093708209693432e+00
1148,1.0000004729786120538648219735478051006794e+00
1149,1.0000004729785672008546271172235719859600e+00
1150,1.0000013079917853264788618616876192390919e+00
1151,1.0000026061873907856636378710390999913216e+00
1152,1.0000026061874687233199665570282377302647e+00
1153,1.0000016738277814898339102001045830547810e+00
1154,1.0000013079917915437277997625642456114292e+00
1155,1.0000016738278294514685740068671293556690e+00
1156,1.0000026061874072169644023233558982610703e+00
1157,1.0000030935863712944211556532536633312702e+00
1158,1.0000026061874347504954130272381007671356e+00
1159,1.0000026061874203175960929002030752599239e+00
1160,1.0000030935863482017822434499976225197315e+00
1161,1.0000038592001792014940519948140718042850e+00
1162,1.0000037134695238805193184816744178533554e+00
1163,1.0000038592001569970335594916832633316517e+00
1164,1.0000046011453203043117810011608526110649e+00
1165,1.0000046011452972116728687979048117995262e+00
1166,1.0000050732171545941895374198793433606625e+00
1167,1.0000050732172287570875823803362436592579e+00
1168,1.0000046011452958794052392477169632911682e+00
1169,1.0000038592001709858436697686556726694107e+00
1170,1.0000030935863808423391674295999109745026e+00
1171,1.0000026061874613958480040309950709342957e+00
1172,1.0000026061874447425026346536469645798206e+00
1173,1.0000030935864157033421406595152802765369e+00
1174,1.0000038592002054027574331485084258019924e+00
1175,1.0000046011452752292569812198053114116192e+00
1176,1.0000050732172001133335470512975007295609e+00
1177,1.0000046011452718985879073443356901407242e+00
1178,1.0000037134694954588098880776669830083847e+00
1179,1.0000026061874076610536121734185144305229e+00
1180,1.0000016738278034722497977782040834426880e+00
1181,1.0000013079917640101967890586820431053638e+00
1182,1.0000016738277839323245643754489719867706e+00
1183,1.0000026061874285332464751263614743947983e+00
1184,1.0000037134694867990702960014459677040577e+00
1185,1.0000046011453438410399030544795095920563e+00
1186,1.0000038592001496695615969656500965356827e+00
1187,1.0000026061874296434694997515180148184299e+00
1188,1.0000013079918013136904164639418013393879e+00
1189,1.0000004729786133861324515237356536090374e+00
1190,1.0000004729786085011511431730468757450581e+00
1191,1.0000013079918250724631434422917664051056e+00
1192,1.0000026061874518479299922546488232910633e+00
1193,1.0000038592002100656941365741658955812454e+00
1194,1.0000030935863826186960068298503756523132e+00
1195,1.0000016738278421080110547336516901850700e+00
1196,1.0000004729786016177683904970763251185417e+00
1197,1.0000000000000150990331349021289497613907e+00
1198,1.0000004729786280410763765758019872009754e+00
1199,1.0000016738277837102799594504176639020443e+00
1200,1.0000030935863961634169072567601688206196e+00
1201,1.0000026061873699134707749180961400270462e+00
1202,1.0000013079917555725018019074923358857632e+00
1203,1.0000004729786220458720435999566689133644e+00
1204,1.0000004729786138302216613737982697784901e+00
1205,1.0000013079918159686343415160081349313259e+00
1206,1.0000026061874207616853027502656914293766e+00
1207,1.0000026061874001115370447223540395498276e+00
1208,1.0000016738278540984197206853423267602921e+00
1209,1.0000013079917520197881231069914065301418e+00
1210,1.0000016738277837102799594504176639020443e+00
1211,1.0000026061874349725400179522694088518620e+00
1212,1.0000030935863764014470689289737492799759e+00
1213,1.0000026061874676130969419318716973066330e+00
1214,1.0000026061874165428378091746708378195763e+00
1215,1.0000030935863817305175871297251433134079e+00
1216,1.0000038592001725401559042438748292624950e+00
1217,1.0000037134695127782890722301090136170387e+00
1218,1.0000038592001578852119791918084956705570e+00
1219,1.0000046011452405902986129149212501943111e+00
1220,1.0000046011452592420454266175511293113232e+00
1221,1.0000050732172465206559763828408904373646e+00
1222,1.0000050732171905654155352749512530863285e+00
1223,1.0000046011453020966541771485935896635056e+00
1224,1.0000038592001527781860659160884097218513e+00
1225,1.0000030935863615244585389518761076033115e+00
1226,1.0000026061874474070378937540226615965366e+00
1227,1.0000026061874200955514879751717671751976e+00
1228,1.0000030935863364334181824233382940292358e+00
1229,1.0000038592001931903041622717864811420441e+00
1230,1.0000046011453180838657317508477717638016e+00
1231,1.0000050732171601453046605456620454788208e+00
1232,1.0000046011452903282901161219342611730099e+00
1233,1.0000037134694839124904319760389626026154e+00
1234,1.0000026061874009997154644224792718887329e+00
1235,1.0000016738277883732166628760751336812973e+00
1236,1.0000013079917446923161605809582397341728e+00
1237,1.0000016738277928141087613767012953758240e+00
1238,1.0000026061874360827630425774259492754936e+00
1239,1.0000037134694965690329127028235234320164e+00
1240,1.0000046011452938810037949224351905286312e+00
1241,1.0000038592001752046911633442505262792110e+00
1242,1.0000026061874185412392534999526105821133e+00
1243,1.0000013079917675629104678591829724609852e+00
1244,1.0000004729786200474705992746748961508274e+00
1245,1.0000004729786258206303273254889063537121e+00
1246,1.0000013079917839942112323114997707307339e+00
1247,1.0000026061874356386738327273633331060410e+00
1248,1.0000038592000881632060327319777570664883e+00
1249,1.0000030935863779557593034041929058730602e+00
1250,1.0000016738277770489418116994784213602543e+00
1251,1.0000004729785971768762919964501634240150e+00
1252,1.0000000000000497379915032070130109786987e+00
1253,1.0000004729785905155381442455109208822250e+00
1254,1.0000016738277650585331457477877847850323e+00
1255,1.0000030935863963854615121817914769053459e+00
1256,1.0000026061873741323182684936909936368465e+00
1257,1.0000013079917786651407141107483766973019e+00
1258,1.0000004729786058366158840726711787283421e+00
1259,1.0000004729786042823036495974520221352577e+00
1260,1.0000013079917722258471712848404422402382e+00
1261,1.0000026061874192073730682750465348362923e+00
1262,1.0000026061873688032477502929395996034145e+00
1263,1.0000016738278043604282174783293157815933e+00
1264,1.0000013079917768887838747104979120194912e+00
1265,1.0000016738278039163390076282666996121407e+00
1266,1.0000026061874220939529323004535399377346e+00
1267,1.0000030935863557512988109010620974004269e+00
1268,1.0000026061874021099384890476358123123646e+00
1269,1.0000026061874329741385736269876360893250e+00
1270,1.0000030935863708503319458031910471618176e+00
1271,1.0000038592001774251372125945636071264744e+00
1272,1.0000037134694717000371610993170179426670e+00
1273,1.0000038592002116200063710493850521743298e+00
1274,1.0000046011453180838657317508477717638016e+00
1275,1.0000046011453282979175583022879436612129e+00
1276,1.0000050732171554823679571200045756995678e+00
1277,1.0000050732171632539291294961003586649895e+00
1278,1.0000046011452883298886717966524884104729e+00
1279,1.0000038592001956327948164471308700740337e+00
1280,1.0000030935863908343463890560087747871876e+00
1281,1.0000026061874263128004258760483935475349e+00
1282,1.0000026061874280891572652762988582253456e+00
1283,1.0000030935863863934542905553826130926609e+00
1284,1.0000038592001418980004245895543135702610e+00
1285,1.0000046011452878857994619465898722410202e+00
1286,1.0000050732171714695795117222587577998638e+00
1287,1.0000046011452756733461910698679275810719e+00
1288,1.0000037134694790275091236253501847386360e+00
1289,1.0000026061874258687112160259857773780823e+00
1290,1.0000016738277388572697645940934307873249e+00
1291,1.0000013079917444702715556559269316494465e+00
1292,1.0000016738278114658555750793311744928360e+00
1293,1.0000026061874152105701796244829893112183e+00
1294,1.0000037134694654827882231984403915703297e+00
1295,1.0000046011452978778066835729987360537052e+00
1296,1.0000038592001683213084106682799756526947e+00
1297,1.0000026061874311977817342267371714115143e+00
1298,1.0000013079917744462932205351535230875015e+00
1299,1.0000004729786264867641421005828306078911e+00
1300,1.0000004729786140522662662988295778632164e+00
1301,1.0000013079917688951780974093708209693432e+00
1302,1.0000026061873965588233659218531101942062e+00
1303,1.0000038592001643245055220177164301276207e+00
1304,1.0000030935863271075447755720233544707298e+00
1305,1.0000016738278456607247335341526195406914e+00
1306,1.0000004729786218238274386749253608286381e+00
1307,9.9999999999997224442438437108648940920830e-01
1308,1.0000004729785949564302427461370825767517e+00
1309,1.0000016738277726080497131988522596657276e+00
1310,1.0000030935863508663175025503733195364475e+00
1311,1.0000026061874174310162288747960701584816e+00
1312,1.0000013079917504654758886317722499370575e+00
1313,1.0000004729786204915598091247375123202801e+00
1314,1.0000004729786178270245500243618153035641e+00
1315,1.0000013079918113056976380903506651520729e+00
1316,1.0000026061874340843615982521441765129566e+00
1317,1.0000026061874067728751924732932820916176e+00
1318,1.0000016738277843764137742255115881562233e+00
1319,1.0000013079917731140255909849656745791435e+00
1320,1.0000016738277628380870964974747039377689e+00
1321,1.0000026061874118799011057490133680403233e+00
1322,1.0000030935863741810010196786606684327126e+00
1323,1.0000026061874138783025500742951408028603e+00
1324,1.0000026061874400795659312279894948005676e+00
1325,1.0000030935863419845333055491209961473942e+00
1326,1.0000038592001607717918432172155007719994e+00
1327,1.0000037134694659268774330485030077397823e+00
1328,1.0000038592001658788177564929355867207050e+00
1329,1.0000046011453218586240154763800092041492e+00
1330,1.0000046011453014305203623734996654093266e+00
1331,1.0000050732171545941895374198793433606625e+00
1332,1.0000050732171739120701658976031467318535e+00
1333,1.0000046011452869976210422464646399021149e+00
1334,1.0000038592001725401559042438748292624950e+00
1335,1.0000030935863619685477488019387237727642e+00
1336,1.0000026061873952265557363716652616858482e+00
1337,1.0000026061874285332464751263614743947983e+00
1338,1.0000030935863679637520817777840420603752e+00
1339,1.0000038592001381232421408640220761299133e+00
1340,1.0000046011453305183636075526010245084763e+00
1341,1.0000050732171665845982033715699799358845e+00
1342,1.0000046011452454752799212656100280582905e+00
1343,1.0000037134694541585133720218436792492867e+00
1344,1.0000026061874580651789301555254496634007e+00
1345,1.0000016738278216799074016307713463902473e+00
1346,1.0000013079917697833565171094960533082485e+00
1347,1.0000016738277699435144540984765626490116e+00
1348,1.0000026061874360827630425774259492754936e+00
1349,1.0000037134694959028990979277295991778374e+00
1350,1.0000046011452206062841696621035225689411e+00
1351,1.0000038592001516679630412909318692982197e+00
1352,1.0000026061874009997154644224792718887329e+00
1353,1.0000013079917282610153961286414414644241e+00
1354,1.0000004729785729740143551680375821888447e+00
1355,1.0000004729786076129727234729216434061527e+00
1356,1.0000013079917766667392697854666039347649e+00
1357,1.0000026061874187632838584249839186668396e+00
1358,1.0000038592002067350250626986962743103504e+00
1359,1.0000030935863963854615121817914769053459e+00
1360,1.0000016738277999195361189777031540870667e+00
1361,1.0000004729786391433066228273673914372921e+00
1362,9.9999999999999444888487687421729788184166e-01
1363,1.0000004729785729740143551680375821888447e+00
1364,1.0000016738277839323245643754489719867706e+00
1365,1.0000030935864008263536106824176385998726e+00
1366,1.0000026061874121019457106740446761250496e+00
1367,1.0000013079917910996385899125016294419765e+00
1368,1.0000004729786136081770564487669616937637e+00
1369,1.0000004729786449164663508781814016401768e+00
1370,1.0000013079918212977048597167595289647579e+00
1371,1.0000026061874160987485993246082216501236e+00
1372,1.0000026061874360827630425774259492754936e+00
1373,1.0000016738277754946295772242592647671700e+00
1374,1.0000013079917773328730845605605281889439e+00
1375,1.0000016738278345584944872825872153043747e+00
1376,1.0000026061873892313514033958199433982372e+00
1377,1.0000030935863584158340700014377944171429e+00
1378,1.0000026061874456306810543537721969187260e+00
1379,1.0000026061874656146954976065899245440960e+00
1380,1.0000030935864017145320303825428709387779e+00
1381,1.0000038592001250226104502871748991310596e+00
1382,1.0000037134695130003336771551403217017651e+00
1383,1.0000038592001381232421408640220761299133e+00
1384,1.0000046011452714544986974942730739712715e+00
1385,1.0000046011452827787735486708697862923145e+00
1386,1.0000050732171832379435727489180862903595e+00
1387,1.0000050732171954503968436256400309503078e+00
1388,1.0000046011453276317837435271940194070339e+00
1389,1.0000038592001410098220048894290812313557e+00
1390,1.0000030935863710723765507282223552465439e+00
1391,1.0000026061873719118722192433779127895832e+00
1392,1.0000026061873574789728991163428872823715e+00
1393,1.0000030935863348791059479481191374361515e+00
1394,1.0000038592001525561414609910571016371250e+00
1395,1.0000046011453207484009908512234687805176e+00
1396,1.0000050732171339440412793919676914811134e+00
1397,1.0000046011452892180670914967777207493782e+00
1398,1.0000037134694654827882231984403915703297e+00
1399,1.0000026061874478511271036040852777659893e+00
1400,1.0000016738278310057808084820862859487534e+00
1401,1.0000013079917804414975535109988413751125e+00
1402,1.0000016738278103556325504541746340692043e+00
1403,1.0000026061874673910523370068403892219067e+00
1404,1.0000037134695114460214426799211651086807e+00
1405,1.0000046011452974337174737229361198842525e+00
1406,1.0000038592001618820148678423720411956310e+00
1407,1.0000026061874367488968573525198735296726e+00
1408,1.0000013079917600133939004081184975802898e+00
1409,1.0000004729785885171366999202291481196880e+00
1410,1.0000004729785691992560714425053447484970e+00
1411,1.0000013079917444702715556559269316494465e+00
1412,1.0000026061873912297528477211017161607742e+00
1413,1.0000038592001230242090059618931263685226e+00
1414,1.0000030935863430947563301742775365710258e+00
1415,1.0000016738277848205029840755742043256760e+00
1416,1.0000004729786324819684750764281488955021e+00
1417,9.9999999999998134825318629737012088298798e-01
1418,1.0000004729786420298864868527743965387344e+00
1419,1.0000016738277797134770707998541183769703e+00
1420,1.0000030935864265835277819860493764281273e+00
1421,1.0000026061874220939529323004535399377346e+00
1422,1.0000013079917817737651830611866898834705e+00
1423,1.0000004729785985091439215466380119323730e+00
1424,1.0000004729786322599238701513968408107758e+00
1425,1.0000013079917844383004421615623869001865e+00
1426,1.0000026061874434102350051034591160714626e+00
1427,1.0000026061873956706449462217278778553009e+00
1428,1.0000016738278003636253288277657702565193e+00
1429,1.0000013079917757785608500853413715958595e+00
1430,1.0000016738277655026223555978504009544849e+00
1431,1.0000026061874096594550564987002871930599e+00
1432,1.0000030935864425707393365883035585284233e+00
1433,1.0000026061874822680408669839380308985710e+00
1434,1.0000026061874234262205618506413884460926e+00
1435,1.0000030935863655212614276024396531283855e+00
1436,1.0000038592001043724621922592632472515106e+00
1437,1.0000037134695001217465915033244527876377e+00
1438,1.0000038592001998516423100227257236838341e+00
1439,1.0000046011452579097777970673632808029652e+00
1440,1.0000046011453282979175583022879436612129e+00
1441,1.0000050732171343881304892420303076505661e+00
